,top_comment,reply,result,date
0,"> Fernandes:  
  
""I saw the goal of H \[Maguire\] and I see Paul running behind him, sliding on his knees, happy for him. I was slapping his head, saying **finally you've scored a goal with that big head**.""

ðŸ¤£ðŸ¤£ðŸ¤£ðŸ¤£ðŸ¤£ I'm dead!!!",Lol,1,2022-02-22 14:07:36
1,I hope Elanga will start ahead of Rashford.,The hope is what kills you.,1,2022-02-25 13:45:44
2,"Glancing at Brighton's form and they have drawn 12 games - more than any other Premier League side this season - and drew with three of the top four clubs they have already played at...

\[Insert Groundhog day Gif\]

[https://twitter.com/samuelluckhurst/status/1493205844783214598?s=20](https://twitter.com/samuelluckhurst/status/1493205844783214598?s=20)",We're gonna snatch that record from them with a solid 1-1.,3,2022-02-14 14:27:56
3,"With Tottenham beating Man City and still having two games in hand, we really need to get a win against Leeds. The end of our schedule is going to be very hectic so we canâ€™t afford to drop points in the games that are totally winnable.",It was a great performance from TOT. So sharp with finishing. Iâ€™d take only a half of that for the tomorrow game considering how wasteful we have been recently.,3,2022-02-19 14:12:08
4,I swear this has felt like the longest breaks of breaks ever,"First the one week, then 3 more since Sunday..",1,2022-02-03 14:25:29
5,"Vardelof please

Elanga please

Win please",I think RR confirmed in his presser that Maguire will play.,1,2022-02-11 14:57:12
6,Hopefully Ronaldo was angry with himself and did hours of finishing training in his back yard.,Poor Cristiano jnr picking the ball out of the net over and over again in the back garden to the sound of another Siiiuuuu!,3,2022-02-07 14:54:24
7,Hang tight boys. We signed up for this. It must get worse before it gets better. It's a new system. Good days are coming. The bitter pain of this season will hopefully get sweeter soon.,I love your optimismâ€¦but you are right. Dark days to are here for the foreseeable,1,2022-01-14 15:54:05
8,Another vdb Hattrick incoming (not 3 consecutive goals but 3mins of playtime),Lol that made me chuckle,3,2022-01-18 15:44:41
9,Why is victors family always a target wtf,"Yeah despite how bad we've been 3rd is still possible somehow. But we need to turn things around and start stringing wins together *fast,* or that (and top 4 chances) will fade away pretty quickly.",3,2022-01-21 13:04:55
10,Got tickets to go see this with my mum as one of her Christmas presents. If we play like we did against wolves she's gonna think I fucking hate her,Have a great time regardless - go early and enjoy the pre match. It will probably be more enjoyable than the game. Have a beer (if you are of age) take pictures. The result is a bonus. Your mum sounds awesome!,3,2022-01-09 15:24:48
11,Jon Moss.... Yikes. He will let Burnley play Rugby. No Bruno either. Burnley held Chelsea to a draw. Gonna keep my hopes low for this game. Hope both Cavani & Ronaldo start,I mean we also held Chelsea to a draw.,3,2021-12-29 14:15:52
12,"I know Nuno's gone but I still get a shiver when I see United v Wolves, those games during 2019 and 2020 scarred me lmao",Even this season our game was so tight,0,2022-01-02 16:07:53
13,FINALLY. JUST ONE MORE DAY.,Life is miserable without football ffs.,1,2021-12-26 13:57:57
14,"Chelsea probably the best team in the country and possibly Europe at the moment.

Manchester United with a great squad but having a torrid time.

Manager sacked.

New manager not coming until Monday.

Itâ€™s one of them games where every logical thing points to a Chelsea victory, so that means weâ€™ll win.","Early Chelsea goal, then Rashford to pull off another stunner free kick and a late penalty to make it 2-1. The United Way.",1,2021-11-27 18:18:06
15,I wouldn't be surprised to see Elanga start,Elanga Greenwood up top with Amad and Lingard as the two attacking mids. Matic and VDB in the deeper role. VDB doing the Fred #8 job.,3,2021-12-07 14:19:28
16,"As Ralf has only literally 1 training session with the boys, I hope with his insightful analysis, we can see some changes to how we play. Not too much but yeah you know what I mean.","As he said, a bit more control on the game and I'll be happy",3,2021-12-04 11:26:33
17,"Sancho and VdB need to play after their performances on Saturday, they were the only bright sparks.","That Sancho VDB link up was glorious. VDB was essentially forcing Sancho to work harder. Playing the ball into the space ahead of him instead of at his feet. It was an absolute joy to watch and if Ronaldo wasn't so off, Ole is probably still here lol.",3,2021-11-22 14:48:59
18,Hope Ronny can bag a hat trick. Really want him to catch up to Salah or at least come close.,Second half season Ronnie strikes again,3,2021-12-10 13:13:23
19,"Arteta has never lost to Manchester United, we need to fix this.","Yeah, Ole beat Emery's Arsenal in the FA Cup his caretaker run. (That was his eight win in a row)",3,2021-12-01 14:41:51
20,"We can only climb up to 5th on GD above Arsenal, if we win and they lose to Liverpool.

We could theoretically drop to 13th.",How on earth did we fall off a cliff so bad to the point where we can only go above Arsenal if results go in our favour?,0,2021-11-19 12:31:56
21,"See this'll be nice because I can wake up at 5:00 a.m., fix myself an espresso and ruin my entire weekend as early as possible.


(Edit: I'm a plastic or whatever living in Seattle)",I'm waking myself up at 6am so I can drive to old Trafford and have my weekend ruined in person,0,2021-11-05 12:32:20
22,This game has been officially postponed.,"It will not be this game, sadly. Firstly theyâ€™re newly promoted and up for it and we struggle against these teams in the best of times. Secondly, Brentford are not to be underestimated. Theyâ€™re easily among the best teams promoted over the last 3-4 years.",3,2021-12-13 17:46:46
23,"Gonna be there in person for the first time in 2 years, sitting 5th row from the corner flag in the east stand... I cannot fucking wait and am dreading it at the same time

Don't think we change formations, we never do. Would love to see that 433 but matic would not be able to cope with the pace as a lone dm

Job under threat ole is a mythical creature and I hope he feels it tomorrow more than ever and we steamroll the scum.

Let's fucking do this, always the biggest game of the year",Iâ€™d make those my iPhone background,3,2021-10-23 11:08:31
24,"----------------De Gea-----------------

AWB--Henderson-Heaton-Grant--Shaw

Dalot--Varane-Matic-Maguire--Telles","Here sir, you dropped your crown",0,2021-10-29 13:55:20
25,Early kickoff means either you enjoy the rest of the weekend matches without a care in the world or end up ruining your time off from work. Lest see how it is this time around.,Donâ€™t like being called out like this,1,2021-10-01 11:13:24
26,"I think Cavani will be on the bench, mostly because you'd be crazy not to start him against City with his work-rate. He compensates a bit for Ronaldo's lack of defensive contribution. 

Rashford--Ronaldo is a fearsome front two. As long as we can defend, Bruno can be relied upon to create enough opportunities for those two. 

I think we'll really, really want to get a two-goal lead in this game. Aside from the obvious, we'll want to have the freedom to bring off Bruno and Ronaldo at 70-75 mins. Can't afford to have either fatigued against City.",Enjoy,1,2021-11-01 12:50:03
27,After much meditation I am ready for WILDCARD Bailly,Wildcard Bailly totally pocketing Vardy tomorrow has just become my focus of meditation today. Thank you kind stranger,3,2021-10-15 10:37:28
28,Winning is not enough. We need to control games otherwise it is not sustainable. You need to be semi competent even if you wish to shithouse results all the way to semis or finals.,At this point I just want us to win to avoid more embarrassment.,0,2021-10-19 14:11:09
29,Not getting cocky for shit. It happened against Young Boys and it happened against Aston Villa. And being optimistic is one thing but I genuinely have no idea how some of you are saying we are going to smash them.,Villareal are the epitome of low block 10 men behind the ball. We struggle against this. This has got 0-0 written all over it.,3,2021-09-28 17:48:02
30,Can we pick up Neves on our way back?,Agent Bruno on his second assignment,3,2021-08-28 09:34:43
31,Fuck the international break. This thread feels so good.,"Seeing Varane, Sancho and Ronaldo in a pre match thread... what is that warm feeling",3,2021-09-10 10:35:20
32,"Ever since Ronaldo came back, I am not worried endlessly but actually confident and cocky we can win every match. Ronaldo has reached that level where his presence can alter destiny, he is our Iron Man.",Pretty much Yes,0,2021-09-24 09:25:58
33,>Wankdorf Stadium,Every season I hear Young Boys playing in the Wankdorf Stadium and it honestly doesn't get less funny.,1,2021-09-13 12:27:04
34,"We will have the pleasure of watching Martin Atkinson, Jonathan Moss and Mike Dean, all within one week.",A schedule set by Lucifer himself,3,2021-09-21 12:48:38
35,Time for a Sancho masterclass,Really hope he can impress after AWB robbed him of 90 minutes midweek.,0,2021-09-18 13:14:13
36,Fuck me Iâ€™ve missed the premier league,Gotta be James Tony Mason imo. Sanchinho from the bench,3,2021-08-13 10:12:48
37,Our back six are starting to look familiar,It is known.,1,2021-08-21 11:35:53
38,"Final pre-match thread of the season! Hope you've all enjoyed participating in them as I have in making them. 

Will be back for pre-season!",Let's goooo! One last time this season!,1,2021-05-25 14:47:06
39,"I kinda want to see Pellistri, not seen much of him barring a couple clips while on loan.","Heâ€™s an exciting talent. Heâ€™s a great dribbler of the ball, drives at players and tries to get past them. I want him to stay, but heâ€™ll get no game time so itâ€™s best that he has another loan.",3,2021-07-17 11:45:52
40,This was our strongest lineup last seasons and we won many games with this lineup and now just because we signed varane and Sancho and they can't start against Leeds people are overreacting like we are gonna play with our 3rd or 4th team against Leeds. We belted Leeds last season with these players only and we will have a good game again against them I'm pretty sure.,Exactly how I'm feeling. I feel like some of us get sad and gloomy about things because that's all we've felt over the   last few seasons. Lads we're getting there. The light at the end of the tunnel is near.,3,2021-08-06 09:09:35
41,"Has now been confirmed van de Beek and Dalot will be on the bench tomorrow. Bruno and Deano won't be involved despite both returning to training.

Scotty 'could push for an outing' but nothing confirmed from Ole.",Enjoy the moment man!,1,2021-07-27 13:45:09
42,"The team won't be as weak as people are anticipating, will definitely be stronger than the one in the OP imo",Who do you think he will play that played yesterday? Playing 2 games at high intensity with 50 hours in between is asking for injuries,0,2021-05-10 16:48:38
43,If we start Cavani against defenders like Kabak and Rhys Williams the FA will ban him for child abuse,Gracias chiquitito ðŸ‘‹,0,2021-05-01 14:20:43
44,lets hope its not another dreary 0-0. Lets beat them proper to confine them to thursday night football.,Nothing like chilly nights in Astana.,0,2021-05-12 14:44:20
45,Fuck Lamela,"I'm probably out of the loop, what's this for?",1,2021-04-10 13:58:53
46,"PSG and Real absolutely wetting the bed these semifinals. Very poor display from both. 

Now watch Arsenal or Villarreal turn in to prime early 2000 AC Milan against us.","I want Villarreal. I don't know about you. Arsenal just feels like a bogey team and plus it will give us fans a chance of watching Pau Torres without having to go out of our way to find a game of theirs. Arsenal isn't a good enough opponent for me to judge Pau Torres against. I'd like to watch him against world class players, such as Paul Pogba, Bruno Fernandes, and Edison Cavani. Hope he doesn't fuck up his audition though.",3,2021-05-05 16:15:33
47,"One of my, and I'm sure for a lot of you guys, best memories as a United fan with this fixture.


While seven would be nice again, a comfortable 2-0 win would be just as good. I think Pogba will start on the bench and come on after he's broken his fast to wreak his havoc.","I remember how afraid I was of the return quarter leg because we had lost 2-1 at Roma, but then it was all pure bliss, what a display we put on at OT. Carricks insane goals that match I'll never forget",3,2021-04-28 15:00:32
48,"I think we will potentially sacrifice the Leicester game by playing  a full strength team against Villa and Liverpool and playing our bench strength against Leicester

On the flip side it'd be nice to see combinations like Mata and Van de Beek playing together against Leicester and maybe see Amad in a PL game too",Leicester lost yesterday too. A win tomorrow puts us 7 points clear with a game in hand. Even if we lost to Leicester and Liverpool weâ€™d go into the last 2 games above them. We have Fulham and Wolves. Leicester have Chelsea and Spurs.,3,2021-05-08 12:46:31
49,Man Utd u23 vs Portugal u23,I'd rest LindÃ¶,3,2021-05-22 15:16:30
50,"This will be the first Old Trafford game with fans since Scott McTominay smashed in a 2nd goal from 40 yards in the Manchester Derby.

And I will be there. Can't wait.",You got your green and gold merch already for tomorrow?,3,2021-05-17 20:33:21
51,"Hope we can wrap this game up tmrw and then rest a few players next week. 

That being said itâ€™s not going to be a easy game. Boys better be up to it. Our only chance of winning a trophy this season",We didnâ€™t rest when we were 5-0 up last round,3,2021-04-07 17:10:49
52,Itâ€™s going to be a strange time when we donâ€™t see Phil Jones with an unknown injury.,Only 2 years to go.,3,2021-07-23 11:05:18
53,"Thankfully Kavanaugh, the worst official in the league, who just gave one of the worst red cards I've seen this season against West Ham, will not be officiating out match tomorrow

Instead we'll get some other shit ref",It's that useless prick Pawson. Arghh! Tired of these turd quality refs.,3,2021-04-24 17:23:52
54,[deleted],Hopefully that rest for Rashford has been huge and he can get behind their defense and also add to his league leading nutmeg tally :),1,2021-04-03 12:45:54
55,"Whatever the result, one things absolutely certain innit?

The games gone, absolutely gone! :P",I agree. I live in a rubbish time zone right now and am still excited to get up and watch,3,2021-04-14 18:40:47
56,"You know, for the first time in FOREVER I find myself asking â€œwhy would Pogba want to leave?â€

Juventus are in dire need of a rebuild. Same with Barcelona. Madridâ€™s a good fit but I donâ€™t think they want him. It seems like heâ€™s in a classic â€œgrass isnâ€™t greener...â€ situation here.",PSG?,3,2021-04-17 10:15:27
57,Just win.,Simple and to the the point. Loved it.,3,2021-02-13 22:20:15
58,"Both Everton and Chelsea have dropped points. Win this and we get some massive breathing room.

I don't think I can handle a 'top 4 is lava'  race this year.",First time?,1,2021-03-13 19:33:57
59,"As we learned against Leipzig, sitting back with a back 5 doesn't necessarily make us any better defensively. I'm hoping Ole keeps that in mind.",Having a healthy Bailly is huge because it allows us to play a back four and be a bit risky; heâ€™s a freak and will chase the ball down or easily cut out the pass if they try and play it in behind to Salah and Mane.,1,2021-01-16 11:47:54
60,"Front three of Rashy, Greenwood and James since Cavani and Martial didnt travel. Probably Pogba on the bench, but I am sure they will start Ibra, Theo, Hakan. Gonna be a tough one boys.","Yeap, I don't think Pogba will be in the starting XI, but I do think he might appear against Leicester on Sunday.",3,2021-03-17 17:54:23
61,"I always want to be positive, but I feel it's either going to be a drab 0-0 or we'll get dicked.

Hopefully this will act like reverse psychology and we'll pull off a masterclass. If they go for it and we counter well then we've got a chance.",i feel like City will go for it unlike last time. we had a very huge gap pointwise. city got nothing to lose i bet they're playing all out attacking imo.,1,2021-03-06 18:25:32
62,"Have a weird feeling we'll see a monster game from ~~Tony~~ Amad. Hope I'm right, would love to see a couple goals from him ðŸ™","just hope he can carry on from Sunday, let's get some momentum Tony",3,2021-03-10 17:38:37
63,"Martial will start but I feel like heâ€™ll struggle. People will want Greenwood to start but heâ€™ll immensely struggle as well. Itâ€™ll be 3 CBâ€™s against 1 striker, a two striker formation might be more suitable for this game.","I donâ€™t think weâ€™ll play a diamond, havenâ€™t done so in a while",3,2021-02-27 16:53:17
64,"The FA Cup semi final draw will be at halftime of our game against Leicester. This is how itâ€™ll go: 

* If Leicester are winning tomorrow (pls no but letâ€™s assume for the sake of the scenario), the winner of our tie will be drawn against Southampton.

* If the game is delicately poised and level at the break, weâ€™ll be drawn against the winner of Chelsea/Sheffield.

* If weâ€™re winning at halftime, weâ€™ll be drawn against the winner of Everton/City.

Bookmark it.","We're getting Chelsea and City are getting Southampton you can bet your house on it.

(If we win tonight that is)",0,2021-03-20 12:45:05
65,"Don't want to see Rashford on the right ever again. If our RW is gonna be shit, put Greenwood, Dan James, Mata, Van De Beek or even Diallo out there. Don't sacrifice one of our most talented players by throwing him out of position.",This is exactly it. Heâ€™s a monster on the left.,0,2021-02-01 19:16:26
66,4-0 Greenwood Hattrick,4th goal from David De Gea,0,2020-12-25 14:04:01
67,Weâ€™re conceding early arenâ€™t we?,"Pls no, I'm tired of that dynamic ðŸ˜…",1,2021-02-17 21:59:25
68,Another clean sheet to send George Klopp into full meltdown,Why George?,3,2021-01-23 12:38:44
69,"A win here would mean Pep Guardiola loses and
#I LOVE TO SEE THAT SHIT","Or, conversely;

A loss for Man City means Ole Wins and

#I LOVE TO SEE THAT SHIT",0,2021-01-05 18:22:33
70,What are your predictions on how many times the commentators will mention Jack Grealish's calf muscles?,Stupid sexy calves,3,2020-12-31 14:36:37
71,No complacency boys. Sheffield may be bottom of the pile but theyâ€™re still playing with a lot of spirit. Weâ€™re in great form so donâ€™t let this turn into a bogey game.,[deleted],0,2021-01-26 17:16:33
72,"For the beauty of the game I hope we beat Burnley and liverpool. Even if we somehow crash and lose the title race, I want to feel the thrill and agony of being in a title race, it's been 8 years ffs","Yes Please.

If we get past the next two games, we have Fulham and Sheffield United next and I think Liverpool play Spurs.

Could easily built up a 6-7 points lead.

Ok I know I'm jumping ahead of myself. Especially as City have easy fixtures and plenty of rest now due to their easy FA cup games.",3,2021-01-11 17:22:05
73,"Nervous as fuck for this game :/ dont want a fancy comeback now, just want us comfortably winning this game without a heart attack",I'd like to be up comfortably early so by 60 minutes we can make 5 subs and save some legs for the Derby,0,2020-12-07 18:38:35
74,Liverpool and Chelsea dropped points. Anything but a win is a failure. Newcastle is fucking wank. Hope our players don't get carried away with the win against Real Sociedad,"With the poor run we're in, anything but a win would amyways be a failure",3,2021-02-20 21:17:59
75,"We have 10 points from our last 7 games.

Tomorrow is a must win! We shouldn't slip into the top 4 dog fight. I'll be satisfied if we finish the season 2nd with at least 76 points.",Not james. The man has taken the bull by the horns every opportunity he's got,1,2021-03-02 18:05:36
76,Nice of these match threads to keep reminding us that Phil Jones is still on our payroll.,Defending? We don't do that here,1,2021-01-30 00:21:50
77,"Reminder that in the UK this game is being shown on amazon prime and that you should not stream this illegally. Amazon are a company that seriously needs your money to keep offering this service, on top of your Sky and BT subscriptions. After his divorce, Jeff is now down to his last 187 billion and I would really hate to see him slip to #2 in the world rich list.",I will absolutely not illegally stream this game,3,2020-12-28 14:08:24
78,No way Amad starts but i would love to see him get a solid 30 minutes of action. Greenwood should start. A goal or two in the first half and all the pressure will be off for some youth cameos in the second half.,"I fuckn hate it. We have to win it to make it worthwhile.

I am soo used to Wednesday, Saturday and the occasional Sunday.

Thursday, Sunday and the occasional Saturday. Just the sound of it makes me depressed.",3,2021-02-24 17:36:30
79,People are underestimating Fulham. They have been playing some good football. This isn't the game to rotate imo,"I agree. This is the same Fulham side which got points against Liv, Tot, Southampton and almost against Chelsea and people here are saying play James and Mata. Smh. 

We will be rotating against Liverpool in the cup on Sat so I expect a strong team to keep our first position intact. The only change I expect is Cavani instead of Martial and Greenwood for Scott/Fred.",3,2021-01-19 18:00:13
80,Just win. I donâ€™t care how. Manchester can only be red.,So a penalty at the 90th minute?,3,2020-12-11 17:17:55
81,[removed],3 now,0,2021-01-08 18:46:31
82,"I really don't know what the line up will look like aside from Lindelof - Tuanzebe partnership. Gonna be an interesting match for sure, hopefully Ole doesn't make necessary subs at the 88th minute. Having a nice feeling about this though",Would we throw Tuanzebe on in his first match back vs PSG? I'm not sure that's too nailed on either.,3,2020-10-19 18:17:35
83,"Can totally see cavani scoring the winner tomo and neymar with the shocked neymar face reaction..

Also ðŸ will be pissed..

I am all for it",Neymar would probably dive like an arrow hit him,3,2020-12-01 18:51:48
84,"- Tottenham Lost
- Chelsea Lost
- Leicester Lost
- Man City Drew
- Southampton Drew

Lets win against Sheffield & Leeds and get to the 2nd position. 

We have a great chance this time.
Letâ€™s go for the PL lads!",The fact that it's set up for us to win means we'll draw.,3,2020-12-16 18:13:02
85,"It's been a while. Just batter them lads come on.

Work for a company in Leeds, Monday morning's call could go either way.",Just like olden times,3,2020-12-19 14:09:21
86,"Cavani has to be rested, the team has just had a break of two days and Martial didn't play for a minute. Healthy rotation please.",Expect Ole to field his strongest XI,1,2021-02-08 19:17:18
87,"If we win this, I think this'll be a big turning point for us in the season. Love a game against Arsenal honestly, most of my mates are Arsenal fans and it's always a *classy* watch together","Havenâ€™t had good recent history against them though. Havenâ€™t beat arsenal in the past 4 meetings. My friends are arsenal fans, but bc of recent record im reluctant to watch the match with them.",3,2020-10-31 10:33:27
88,"If we win this, all we need is 2 wins vs Istanbul and a draw vs PSG or RB. Would really be something if we end up topping the group of death lol.","That would be amazing, although Iâ€™d easily still settle for just qualification now. But yeah, if we win tomorrow we can definitely start dreaming about topping the group. It doesnâ€™t guarantee a good R16 draw of course but it certainly helps.",0,2020-10-27 20:29:33
89,Absolute limbs across the world when Rashy scores a hatty against Fat Frank and brings a live child on the pitch and force feeds him to celebrate.,Just lifts up shirt underneath Beans for PM,3,2020-10-23 11:58:57
90,"If he isn't fit enough, hope Rashford isn't risked. We need him for Leipzig.",mata or greenwood to play then,0,2020-12-04 14:57:50
91,Anything other than 10-0 shows a steep decline in form..,8-0 and we go top,3,2021-02-05 20:06:11
92,AWB posted on insta that he got Cyberpunk from Project Red. I hope its just a case of him wanting a day off ðŸ˜‰,That poor man,3,2020-12-22 18:10:35
93,You just know we are winning tomorrow.,Because Ole turns into prime Sir Alex when his job is on the line.,3,2020-11-06 19:15:41
94,Paul Pogba the CB â€” only under Jose Iâ€™m afraid,lol my bad,3,2020-11-28 15:01:04
95,"We can go as low as 18th. 

We can go as high as 11th.","â€œIf youâ€™re not first, youâ€™re last!â€ -Ricky Bobby",3,2020-10-16 15:34:42
96,">Pogba and Shaw are available, **no big injuries to note**

Been a while since i've read this",Enjoy it while you can. We have a heavy schedule ahead of us!,3,2020-09-18 12:48:00
97,"**THE RACE FOR CL [](#CL)**

| Pos.  |  | Team | Pld | GD | Pts | Form | Next game
| :-: | :-: | :----------: | :-: | :-: | :-: | :-: | :-:
| **3rd** | [](#United) | **Manchester United**  | **37** | **+28** | **63** | **W W D W D** | [](#LCFC) Leicester (a)
| 4th | [](#CFC) | Chelsea | 37 | +13 | 63 | **W W L W L** | [](#Wolves) Wolves
| 5th | [](#LCFC) | Leicester City | 37 | +28 | 62 | **W D L W L** | [](#United) Manchester United

***

**Final day potential CL outcomes**

- United win/Chelsea win - United 3rd / Chelsea 4th / Leicester 5th

- United win/Chelsea draw - United 3rd / Chelsea 4th / Leicester 5th

- United win/Chelsea lose - United 3rd / Chelsea 4th / Leicester 5th

- United draw/Chelsea win - Chelsea 3rd / United 4th / Leicester 5th

- United draw/Chelsea draw - United 3rd / Chelsea 4th / Leicester 5th

- United draw/Chelsea lose - United 3rd / Leicester 4th / Chelsea 5th

- United lose/Chelsea win - Chelsea 3rd / Leicester 4th / United 5th

- United lose/Chelsea draw - Leicester 3rd / Chelsea 4th / United 5th

- United lose/Chelsea lose - Leicester 3rd / United 4th / Chelsea 5th",Love the banter from the boss,0,2020-07-25 10:29:42
98,We're back.,"Can't wait till tomorrow, simply seeing this thread makes me so happy",3,2020-06-18 14:25:18
99,I'm terrified of Sevilla. Europa League are just seems to be in their blood. Going to be a decent match though,"Basis only Wolves game, they didn't create a lot. A lot of possession but little to show for. Feels like our team 10 months back. Plus we have just enough firepower to get through... So yeah decent match but I expect us to come out as winners... Unless they press us hard...",3,2020-08-15 14:10:05
